nombre,edad,email,ciudad
Timoteo Carrasco,58,felipe32@trejo-brito.org,San Alonso de la Montaña
Aurelio Gamez,25,valentinelvia@garay.com,Nueva Trinidad y Tabago
Luisa Molina,19,esmeraldamiramontes@gmail.com,Vieja Botswana
Jorge Montañez,65,ricoomar@gmail.com,San Arcelia los altos
Guadalupe Nájera,35,armentavirginia@proyectos.com,Vieja Guatemala
María Elena Nava,33,joaquin34@de.com,Vieja Lesotho
Genaro Valdés,32,anabel30@pacheco-jasso.com,San Eric los altos
Modesto Ortiz,26,gabinochavez@gmail.com,San Rocío los bajos
Rodolfo Ozuna,65,citlalisaucedo@yahoo.com,Nueva Burkina Faso
Cristian Crespo,24,olmosjuana@hotmail.com,San Óliver los bajos
Perla Alba,61,tomas51@club.com,Nueva Serbia
Héctor Sarabia,65,jose-luiscuellar@zamudio.info,Nueva Kazajstán
Homero Grijalva,52,raquelberrios@ruelas-barrientos.net,Nueva Sudán del Sur
Martín Ulloa,23,oliver96@industrias.biz,San Marcela los altos
María Cristina Casárez,55,andreamireles@villalobos.com,Nueva Bélgica
Susana Bahena,45,aparicioisabel@serrano-granados.com,San Ernesto los altos
César Vásquez,20,mariopalomo@gmail.com,Nueva Sudán del Sur
Luis Manuel Moreno,19,urobles@gmail.com,Nueva Lituania
Ivonne Cardona,23,eliasteran@cintron.com,San Felix de la Montaña
Margarita Urbina,31,toledoadela@granado-de.biz,San Mauricio de la Montaña
Karla Bahena,32,yacevedo@proyectos.net,San Cristal de la Montaña
Gustavo Gamboa,50,martinezana-luisa@viera.net,Nueva Pakistán
Ariadna Escamilla,56,gollumkarina@vargas-gurule.org,Nueva Malawi
Víctor Vergara,19,emilia53@yahoo.com,San César los altos
Verónica Macías,53,antonia07@hotmail.com,Nueva Portugal
Ernesto Santillán,30,jaquelinebarrientos@gmail.com,San Gloria de la Montaña
Marcela Tórrez,63,urrutiahelena@hotmail.com,Nueva Georgia
Camilo Carbajal,59,guillermina93@figueroa-jaime.info,San Amelia de la Montaña
Tania Piña,62,acostaisabela@gmail.com,San Cynthia los altos
Margarita Ureña,52,carrascoantonio@hotmail.com,Nueva Kirguistán
Rodolfo Urías,44,ccavazos@corporacin.com,Vieja República de Corea
Lorenzo Correa,32,dianapaz@duarte.com,San Yolanda los altos
Felix Jaramillo,46,olivasalfonso@garibay.info,San Hilda de la Montaña
Esparta Alva,55,rmendez@leiva-montoya.net,San Omar los bajos
Alicia Carrillo,35,robertojaimes@gmail.com,Vieja Italia
Humberto Pulido,18,mvelazquez@despacho.net,Vieja Malta
Ángela Menéndez,28,maciasnatividad@yahoo.com,San Itzel los bajos
Gustavo Urrutia,62,luciaojeda@industrias.biz,Vieja Guinea Bissau
Enrique Posada,45,cquintanilla@hotmail.com,Vieja Venezuela
Darío Bravo,39,aurelio34@gmail.com,Nueva Arabia Saudita
Amalia Guevara,35,resendezlinda@hotmail.com,Vieja Noruega
Leonor Guerrero,27,carbajalluz@grupo.com,Nueva Mónaco
Cecilia Rivera,31,bsantana@hotmail.com,San Cristobal los altos
Martín Rascón,39,teodorolebron@hotmail.com,San Socorro de la Montaña
Gerardo Quiñónez,24,eugenio45@toledo-blanco.com,Vieja Tonga
Cristian Gallegos,23,vpantoja@pelayo.biz,San Rocío los altos
Alejandra Velásquez,42,waguayo@yahoo.com,San Lourdes los altos
Patricio Zavala,24,rgaona@ruelas.com,San Daniel los bajos
Carolina Tejeda,40,kvillarreal@botello.biz,Vieja Djibouti
Amador Hurtado,40,eric75@yahoo.com,San Germán los bajos
Flavio Bonilla,56,tiradoamelia@yahoo.com,Nueva Sudáfrica
Alfredo Angulo,34,alejandracorral@grupo.org,Vieja Túnez
Francisco Negrete,20,davilahugo@veliz-alvarez.com,San Leonel los altos
Elvia Benítez,64,maderaruby@valles-arguello.com,San Virginia los bajos
Ángela Santillán,47,peresminerva@gmail.com,San Jos los altos
María Luisa Corral,52,octaviojiminez@hotmail.com,San Martha los bajos
Rosalia Jasso,25,asuncionleiva@yahoo.com,Vieja República Democrática del Congo
Santiago Ojeda,42,saldanairma@gmail.com,San Eric los bajos
Francisco Javier Molina,23,pilar08@gmail.com,Nueva Uganda
Lorenzo Sáenz,53,csalas@caban.com,San Federico los bajos
Wilfrido Verdugo,36,huribe@yahoo.com,San Paulina los bajos
Jesús Rendón,58,fidel31@hotmail.com,Vieja Cabo Verde
Omar Escalante,57,maximilianolebron@despacho.com,Vieja Andorra
Oswaldo Castro,41,ayalaperla@yahoo.com,Vieja Brunei Darussalam
Adán Vela,54,croque@yahoo.com,Nueva Francia
Mateo Carrera,30,esalazar@coronado.org,San Arturo de la Montaña
Caridad Valdez,63,octavioolivares@yahoo.com,San Héctor los altos
Luis Miguel Magaña,22,francosocorro@corporacin.com,Nueva Congo
Abelardo Paredes,20,clovato@gmail.com,San Guillermina los altos
María Elena Batista,60,socorro93@carrero.com,San Claudia de la Montaña
Ana María de Jesús,32,marcela17@hotmail.com,San Karina los bajos
Mónica Tirado,36,mblanco@gmail.com,San Irene los altos
Fidel Alvarez,23,zeferinovelasquez@jimenez.com,Vieja Panamá
Uriel Quintanilla,32,rociopulido@hotmail.com,San Aurora los bajos
Jaqueline Paredes,24,yuridia12@yahoo.com,San Miguel Ángel los bajos
Wilfrido Pacheco,42,ubueno@corporacin.com,San Liliana de la Montaña
Elena Sisneros,35,wquintanilla@gmail.com,Vieja República Árabe Siria
César Loera,47,bcasas@hotmail.com,Nueva India
Pedro Alcaraz,58,garzacamila@yahoo.com,Nueva Nueva Zelandia
Guillermo Saucedo,41,erosas@gmail.com,San Pedro de la Montaña
Juan Carlos Espino,28,leallinda@sarabia-jaramillo.com,San Héctor los altos
Ricardo Saiz,41,etijerina@mercado-urias.net,San María Eugenia los bajos
Elena Griego,40,liliaarmas@yahoo.com,San Juana los bajos
Wilfrido Coronado,31,castronadia@hotmail.com,San Benito los bajos
Benito Sotelo,60,colonlucas@hotmail.com,Nueva Myanmar
Gabino Mireles,35,mendezzeferino@hotmail.com,San Ilse los altos
Micaela Toro,62,gollumsusana@grupo.com,San Daniela los altos
Helena Anaya,61,anabel45@prado-concepcion.net,San Raúl los altos
Dolores de la Rosa,59,olivassilvano@club.com,San Teodoro los bajos
María Luisa Herrera,22,rloera@despacho.org,San Timoteo los bajos
Fidel Reyes,56,juan-carlosrosas@gmail.com,Vieja República Democrática Popular Lao
Jorge Velasco,58,agustin64@gmail.com,Vieja Guinea Bissau
Estela Zepeda,28,teresaespinal@hotmail.com,San Victoria los altos
Citlali Calderón,52,marcos09@ceja-bustamante.com,San Delia de la Montaña
César Tirado,64,daniel47@yahoo.com,San Camila los bajos
Antonio Cisneros,33,xvaldes@ortega-alcaraz.com,Vieja Kirguistán
Zacarías Iglesias,28,bianca37@gmail.com,San Santiago de la Montaña
Vicente Barajas,47,violeta61@gmail.com,Nueva Honduras
Miguel Carrillo,42,pablocervantez@rendon.biz,Vieja Sudán